hur_id,name,positions,wind_peak
AL011851,UNNAMED,14,41.2
AL021851,UNNAMED,1,41.2
AL031851,UNNAMED,1,25.7
AL041851,UNNAMED,49,51.4
AL051851,UNNAMED,16,25.7
AL061851,UNNAMED,17,30.9
AL011852,UNNAMED,45,51.4
AL021852,UNNAMED,8,36.0
AL031852,UNNAMED,20,36.0
AL041852,UNNAMED,36,41.2
AL051852,UNNAMED,25,46.3
AL011853,UNNAMED,1,25.7
AL021853,UNNAMED,1,20.6
AL031853,UNNAMED,48,66.9
AL041853,UNNAMED,12,51.4
AL051853,UNNAMED,1,25.7
AL061853,UNNAMED,22,36.0
AL071853,UNNAMED,1,25.7
AL081853,UNNAMED,14,46.3
AL011854,UNNAMED,11,36.0
AL021854,UNNAMED,1,30.9
AL031854,UNNAMED,25,56.6
AL041854,UNNAMED,11,46.3
AL051854,UNNAMED,12,30.9
AL011855,UNNAMED,1,46.3
AL021855,UNNAMED,6,46.3
AL031855,UNNAMED,1,36.0
AL041855,UNNAMED,16,30.9
AL051855,UNNAMED,11,56.6
AL011856,UNNAMED,14,66.9
AL021856,UNNAMED,8,36.0
AL031856,UNNAMED,12,25.7
AL041856,UNNAMED,1,25.7
AL051856,UNNAMED,40,51.4
AL061856,UNNAMED,20,36.0
AL011857,UNNAMED,8,25.7
AL021857,UNNAMED,47,46.3
AL031857,UNNAMED,20,36.0
AL041857,UNNAMED,29,46.3
AL011858,UNNAMED,1,36.0
AL021858,UNNAMED,1,36.0
AL031858,UNNAMED,16,46.3
AL041858,UNNAMED,32,41.2
AL051858,UNNAMED,14,41.2
AL061858,UNNAMED,22,46.3
AL011859,UNNAMED,1,46.3
AL021859,UNNAMED,12,46.3
AL031859,UNNAMED,6,36.0
AL041859,UNNAMED,7,46.3
AL051859,UNNAMED,16,36.0
AL061859,UNNAMED,20,56.6
AL071859,UNNAMED,11,30.9
AL081859,UNNAMED,24,41.2
AL011860,UNNAMED,35,56.6
AL021860,UNNAMED,12,46.3
AL041860,UNNAMED,23,46.3
AL031860,UNNAMED,1,36.0
AL051860,UNNAMED,16,30.9
AL061860,UNNAMED,17,46.3
AL071860,UNNAMED,18,46.3
AL011861,UNNAMED,28,46.3
AL021861,UNNAMED,18,41.2
AL031861,UNNAMED,24,46.3
AL041861,UNNAMED,1,36.0
AL051861,UNNAMED,7,36.0
AL061861,UNNAMED,16,30.9
AL071861,UNNAMED,1,25.7
AL081861,UNNAMED,15,36.0
AL011862,UNNAMED,12,25.7
AL021862,UNNAMED,13,46.3
AL031862,UNNAMED,34,46.3
AL041862,UNNAMED,1,25.7
AL051862,UNNAMED,14,36.0
AL061862,UNNAMED,14,30.9
AL011863,UNNAMED,8,46.3
AL021863,UNNAMED,8,46.3
AL031863,UNNAMED,18,46.3
AL041863,UNNAMED,8,46.3
AL051863,UNNAMED,32,36.0
AL061863,UNNAMED,15,30.9
AL071863,UNNAMED,6,25.7
AL081863,UNNAMED,4,25.7
AL091863,UNNAMED,12,30.9
AL011864,UNNAMED,12,36.0
AL021864,UNNAMED,1,30.9
AL031864,UNNAMED,26,36.0
AL041864,UNNAMED,16,25.7
AL051864,UNNAMED,12,36.0
AL011865,UNNAMED,1,25.7
AL021865,UNNAMED,1,25.7
AL031865,UNNAMED,20,30.9
AL041865,UNNAMED,37,46.3
AL051865,UNNAMED,1,30.9
AL061865,UNNAMED,1,36.0
AL071865,UNNAMED,34,46.3
AL011866,UNNAMED,19,46.3
AL021866,UNNAMED,22,46.3
AL031866,UNNAMED,14,36.0
AL041866,UNNAMED,1,36.0
AL051866,UNNAMED,12,46.3
AL061866,UNNAMED,48,61.7
AL071866,UNNAMED,7,30.9
AL011867,UNNAMED,11,36.0
AL021867,UNNAMED,28,46.3
AL031867,UNNAMED,1,46.3
AL041867,UNNAMED,16,36.0
AL051867,UNNAMED,1,25.7
AL061867,UNNAMED,10,46.3
AL071867,UNNAMED,34,46.3
AL081867,UNNAMED,1,20.6
AL091867,UNNAMED,17,56.6
AL011868,UNNAMED,18,46.3
AL021868,UNNAMED,29,36.0
AL031868,UNNAMED,12,46.3
AL041868,UNNAMED,12,46.3
AL011869,UNNAMED,4,46.3
AL021869,UNNAMED,9,46.3
AL031869,UNNAMED,4,36.0
AL041869,UNNAMED,8,30.9
AL051869,UNNAMED,9,36.0
AL061869,UNNAMED,12,51.4
AL071869,UNNAMED,32,46.3
AL081869,UNNAMED,1,30.9
AL091869,UNNAMED,1,25.7
AL101869,UNNAMED,10,46.3
AL011870,UNNAMED,1,36.0
AL021870,UNNAMED,24,46.3
AL031870,UNNAMED,16,30.9
AL041870,UNNAMED,20,56.6
AL051870,UNNAMED,16,41.2
AL061870,UNNAMED,40,51.4
AL071870,UNNAMED,1,36.0
AL081870,UNNAMED,6,36.0
AL091870,UNNAMED,18,46.3
AL101870,UNNAMED,1,46.3
AL111870,UNNAMED,20,36.0
AL011871,UNNAMED,21,25.7
AL021871,UNNAMED,13,25.7
AL031871,UNNAMED,41,51.4
AL041871,UNNAMED,57,51.4
AL051871,UNNAMED,16,46.3
AL061871,UNNAMED,17,36.0
AL071871,UNNAMED,33,36.0
AL081871,UNNAMED,14,36.0
AL011872,UNNAMED,22,25.7
AL021872,UNNAMED,56,46.3
AL031872,UNNAMED,48,36.0
AL041872,UNNAMED,28,36.0
AL051872,UNNAMED,28,36.0
AL011873,UNNAMED,8,20.6
AL021873,UNNAMED,64,51.4
AL031873,UNNAMED,13,36.0
AL041873,UNNAMED,13,25.7
AL051873,UNNAMED,59,51.4
AL011874,UNNAMED,15,25.7
AL021874,UNNAMED,20,36.0
AL031874,UNNAMED,42,41.2
AL041874,UNNAMED,24,25.7
AL051874,UNNAMED,16,25.7
AL061874,UNNAMED,27,41.2
AL071874,UNNAMED,20,46.3
AL011875,UNNAMED,16,36.0
AL021875,UNNAMED,40,36.0
AL031875,UNNAMED,45,51.4
AL041875,UNNAMED,18,25.7
AL051875,UNNAMED,16,46.3
AL061875,UNNAMED,20,36.0
AL011876,UNNAMED,12,41.2
AL021876,UNNAMED,33,51.4
AL031876,UNNAMED,12,25.7
AL041876,UNNAMED,26,46.3
AL051876,UNNAMED,49,51.4
AL011877,UNNAMED,18,30.9
AL021877,UNNAMED,34,36.0
AL031877,UNNAMED,28,36.0
AL041877,UNNAMED,61,51.4
AL051877,UNNAMED,24,25.7
AL061877,UNNAMED,24,25.7
AL071877,UNNAMED,19,25.7
AL081877,UNNAMED,12,25.7
AL011878,UNNAMED,13,20.6
AL021878,UNNAMED,45,36.0
AL031878,UNNAMED,12,41.2
AL041878,UNNAMED,24,46.3
AL051878,UNNAMED,55,46.3
AL061878,UNNAMED,28,46.3
AL071878,UNNAMED,60,61.7
AL081878,UNNAMED,29,36.0
AL091878,UNNAMED,32,36.0
AL101878,UNNAMED,28,51.4
AL111878,UNNAMED,33,46.3
AL121878,UNNAMED,32,30.9
AL011879,UNNAMED,16,36.0
AL021879,UNNAMED,32,51.4
AL031879,UNNAMED,25,46.3
AL041879,UNNAMED,21,56.6
AL051879,UNNAMED,21,25.7
AL061879,UNNAMED,33,25.7
AL071879,UNNAMED,25,36.0
AL081879,UNNAMED,16,46.3
AL011880,UNNAMED,19,20.6
AL021880,UNNAMED,45,66.9
AL031880,UNNAMED,24,41.2
AL041880,UNNAMED,37,46.3
AL051880,UNNAMED,40,41.2
AL061880,UNNAMED,26,36.0
AL071880,UNNAMED,12,41.2
AL081880,UNNAMED,32,61.7
AL091880,UNNAMED,25,36.0
AL101880,UNNAMED,28,41.2
AL111880,UNNAMED,20,30.9
AL011881,UNNAMED,15,25.7
AL031881,UNNAMED,32,41.2
AL021881,UNNAMED,15,20.6
AL041881,UNNAMED,24,36.0
AL051881,UNNAMED,37,46.3
AL061881,UNNAMED,21,46.3
AL071881,UNNAMED,28,30.9
AL011882,UNNAMED,5,36.0
AL021882,UNNAMED,47,56.6
AL031882,UNNAMED,10,25.7
AL041882,UNNAMED,16,25.7
AL051882,UNNAMED,20,36.0
AL061882,UNNAMED,45,61.7
AL011883,UNNAMED,44,41.2
AL021883,UNNAMED,40,56.6
AL031883,UNNAMED,39,56.6
AL041883,UNNAMED,28,36.0
AL011884,UNNAMED,24,36.0
AL021884,UNNAMED,56,51.4
AL031884,UNNAMED,45,41.2
AL041884,UNNAMED,44,46.3
AL011885,UNNAMED,36,41.2
AL021885,UNNAMED,32,46.3
AL031885,UNNAMED,13,25.7
AL041885,UNNAMED,29,41.2
AL051885,UNNAMED,16,36.0
AL061885,UNNAMED,37,36.0
AL071885,UNNAMED,16,41.2
AL081885,UNNAMED,17,30.9
AL011886,UNNAMED,12,43.7
AL021886,UNNAMED,33,43.7
AL031886,UNNAMED,23,43.7
AL041886,UNNAMED,44,38.6
AL051886,UNNAMED,40,66.9
AL061886,UNNAMED,52,54.0
AL071886,UNNAMED,22,51.4
AL081886,UNNAMED,36,43.7
AL091886,UNNAMED,36,43.7
AL101886,UNNAMED,25,54.0
AL111886,UNNAMED,24,23.1
AL121886,UNNAMED,21,30.9
AL011887,UNNAMED,22,30.9
AL021887,UNNAMED,20,25.7
AL031887,UNNAMED,15,18.0
AL041887,UNNAMED,37,43.7
AL051887,UNNAMED,36,25.7
AL061887,UNNAMED,38,54.0
AL071887,UNNAMED,39,56.6
AL081887,UNNAMED,23,46.3
AL091887,UNNAMED,47,43.7
AL101887,UNNAMED,17,36.0
AL111887,UNNAMED,11,25.7
AL121887,UNNAMED,8,30.9
AL131887,UNNAMED,53,38.6
AL141887,UNNAMED,11,38.6
AL151887,UNNAMED,18,46.3
AL161887,UNNAMED,35,36.0
AL171887,UNNAMED,30,36.0
AL181887,UNNAMED,26,36.0
AL191887,UNNAMED,23,25.7
AL011888,UNNAMED,12,36.0
AL021888,UNNAMED,10,25.7
AL031888,UNNAMED,44,56.6
AL041888,UNNAMED,34,56.6
AL051888,UNNAMED,28,25.7
AL061888,UNNAMED,18,36.0
AL071888,UNNAMED,20,48.9
AL081888,UNNAMED,31,25.7
AL091888,UNNAMED,64,43.7
AL011889,UNNAMED,24,36.0
AL021889,UNNAMED,25,33.4
AL031889,UNNAMED,39,36.0
AL041889,UNNAMED,48,46.3
AL051889,UNNAMED,40,36.0
AL061889,UNNAMED,61,48.9
AL071889,UNNAMED,31,25.7
AL081889,UNNAMED,29,30.9
AL091889,UNNAMED,27,25.7
AL011890,UNNAMED,10,25.7
AL021890,UNNAMED,41,25.7
AL031890,UNNAMED,33,54.0
AL041890,UNNAMED,6,41.2
AL011891,UNNAMED,22,41.2
AL021891,UNNAMED,51,33.4
AL031891,UNNAMED,31,56.6
AL041891,UNNAMED,34,43.7
AL051891,UNNAMED,44,43.7
AL061891,UNNAMED,39,43.7
AL071891,UNNAMED,25,23.1
AL081891,UNNAMED,35,28.3
AL091891,UNNAMED,34,38.6
AL101891,UNNAMED,13,25.7
AL011892,UNNAMED,33,23.1
AL021892,UNNAMED,40,33.4
AL031892,UNNAMED,58,43.7
AL041892,UNNAMED,37,25.7
AL051892,UNNAMED,48,43.7
AL061892,UNNAMED,11,25.7
AL071892,UNNAMED,45,43.7
AL081892,UNNAMED,30,41.2
AL091892,UNNAMED,35,23.1
AL011893,UNNAMED,36,33.4
AL021893,UNNAMED,14,43.7
AL031893,UNNAMED,50,54.0
AL041893,UNNAMED,47,51.4
AL051893,UNNAMED,16,43.7
AL061893,UNNAMED,75,54.0
AL071893,UNNAMED,39,43.7
AL081893,UNNAMED,24,43.7
AL091893,UNNAMED,84,54.0
AL101893,UNNAMED,35,59.2
AL111893,UNNAMED,16,25.7
AL121893,UNNAMED,32,30.9
AL011894,UNNAMED,16,18.0
AL021894,UNNAMED,19,25.7
AL031894,UNNAMED,44,51.4
AL041894,UNNAMED,57,54.0
AL051894,UNNAMED,49,54.0
AL061894,UNNAMED,40,59.2
AL071894,UNNAMED,42,48.9
AL011895,UNNAMED,17,25.7
AL021895,UNNAMED,36,48.9
AL031895,UNNAMED,39,25.7
AL041895,UNNAMED,24,18.0
AL051895,UNNAMED,59,46.3
AL061895,UNNAMED,17,18.0
AL011896,UNNAMED,34,43.7
AL021896,UNNAMED,52,51.4
AL031896,UNNAMED,43,43.7
AL041896,UNNAMED,35,56.6
AL051896,UNNAMED,40,43.7
AL061896,UNNAMED,59,43.7
AL071896,UNNAMED,12,25.7
AL011897,UNNAMED,43,43.7
AL021897,UNNAMED,16,38.6
AL031897,UNNAMED,25,30.9
AL041897,UNNAMED,20,20.6
AL051897,UNNAMED,54,36.0
AL061897,UNNAMED,36,28.3
AL011898,UNNAMED,10,36.0
AL021898,UNNAMED,12,38.6
AL031898,UNNAMED,12,36.0
AL041898,UNNAMED,61,48.9
AL051898,UNNAMED,43,25.7
AL061898,UNNAMED,35,25.7
AL071898,UNNAMED,49,59.2
AL081898,UNNAMED,13,23.1
AL091898,UNNAMED,51,30.9
AL101898,UNNAMED,12,20.6
AL111898,UNNAMED,35,25.7
AL011899,UNNAMED,7,18.0
AL021899,UNNAMED,24,43.7
AL031899,UNNAMED,133,66.9
AL041899,UNNAMED,43,46.3
AL051899,UNNAMED,52,54.0
AL061899,UNNAMED,26,25.7
AL071899,UNNAMED,17,20.6
AL081899,UNNAMED,14,20.6
AL091899,UNNAMED,41,48.9
AL101899,UNNAMED,16,28.3
AL011900,UNNAMED,81,64.3
AL021900,UNNAMED,50,54.0
AL031900,UNNAMED,62,43.7
AL041900,UNNAMED,21,23.1
AL051900,UNNAMED,42,30.9
AL061900,UNNAMED,24,20.6
AL071900,UNNAMED,24,23.1
AL011901,UNNAMED,21,18.0
AL021901,UNNAMED,39,30.9
AL031901,UNNAMED,42,36.0
AL041901,UNNAMED,71,41.2
AL051901,UNNAMED,18,23.1
AL061901,UNNAMED,22,36.0
AL071901,UNNAMED,55,46.3
AL081901,UNNAMED,44,36.0
AL091901,UNNAMED,24,25.7
AL101901,UNNAMED,48,23.1
AL111901,UNNAMED,39,30.9
AL121901,UNNAMED,16,25.7
AL131901,UNNAMED,30,36.0
AL011902,UNNAMED,23,25.7
AL021902,UNNAMED,37,36.0
AL031902,UNNAMED,39,43.7
AL041902,UNNAMED,44,46.3
AL051902,UNNAMED,24,30.9
AL011903,UNNAMED,24,36.0
AL021903,UNNAMED,43,54.0
AL031903,UNNAMED,33,41.2
AL041903,UNNAMED,25,43.7
AL051903,UNNAMED,32,25.7
AL061903,UNNAMED,19,48.9
AL071903,UNNAMED,40,43.7
AL081903,UNNAMED,24,30.9
AL091903,UNNAMED,27,25.7
AL101903,UNNAMED,35,36.0
AL011904,UNNAMED,18,36.0
AL021904,UNNAMED,33,38.6
AL031904,UNNAMED,28,36.0
AL041904,UNNAMED,41,36.0
AL051904,UNNAMED,27,23.1
AL061904,UNNAMED,26,23.1
AL011905,UNNAMED,10,25.7
AL021905,UNNAMED,22,25.7
AL031905,UNNAMED,28,23.1
AL041905,UNNAMED,51,54.0
AL051905,UNNAMED,28,23.1
AL011906,UNNAMED,27,23.1
AL021906,UNNAMED,41,46.3
AL031906,UNNAMED,15,30.9
AL041906,UNNAMED,74,59.2
AL051906,UNNAMED,63,41.2
AL061906,UNNAMED,45,54.0
AL071906,UNNAMED,44,30.9
AL081906,UNNAMED,65,54.0
AL091906,UNNAMED,15,23.1
AL101906,UNNAMED,23,23.1
AL111906,UNNAMED,22,36.0
AL011907,UNNAMED,27,28.3
AL021907,UNNAMED,23,20.6
AL031907,UNNAMED,13,23.1
AL041907,UNNAMED,12,23.1
AL051907,UNNAMED,28,20.6
AL011908,UNNAMED,14,43.7
AL021908,UNNAMED,32,33.4
AL031908,UNNAMED,43,36.0
AL041908,UNNAMED,25,25.7
AL051908,UNNAMED,15,23.1
AL061908,UNNAMED,50,54.0
AL071908,UNNAMED,10,30.9
AL081908,UNNAMED,66,48.9
AL091908,UNNAMED,20,46.3
AL101908,UNNAMED,18,18.0
AL011909,UNNAMED,20,20.6
AL021909,UNNAMED,22,43.7
AL031909,UNNAMED,36,23.1
AL041909,UNNAMED,38,51.4
AL051909,UNNAMED,20,20.6
AL061909,UNNAMED,34,54.0
AL071909,UNNAMED,14,23.1
AL081909,UNNAMED,17,23.1
AL091909,UNNAMED,35,54.0
AL101909,UNNAMED,21,25.7
AL111909,UNNAMED,30,54.0
AL121909,UNNAMED,26,46.3
AL011910,UNNAMED,27,20.6
AL021910,UNNAMED,22,20.6
AL031910,UNNAMED,44,48.9
AL041910,UNNAMED,23,43.7
AL051910,UNNAMED,59,66.9
AL011911,UNNAMED,31,25.7
AL021911,UNNAMED,26,36.0
AL031911,UNNAMED,35,43.7
AL041911,UNNAMED,38,43.7
AL051911,UNNAMED,22,28.3
AL061911,UNNAMED,25,23.1
AL011912,UNNAMED,42,30.9
AL021912,UNNAMED,22,23.1
AL031912,UNNAMED,20,23.1
AL041912,UNNAMED,21,41.2
AL051912,UNNAMED,30,41.2
AL061912,UNNAMED,27,43.7
AL071912,UNNAMED,43,51.4
AL011913,UNNAMED,33,33.4
AL021913,UNNAMED,10,20.6
AL031913,UNNAMED,70,30.9
AL041913,UNNAMED,22,38.6
AL051913,UNNAMED,36,33.4
AL061913,UNNAMED,10,33.4
AL011914,UNNAMED,19,30.9
AL011915,UNNAMED,22,33.4
AL021915,UNNAMED,75,64.3
AL031915,UNNAMED,59,54.0
AL041915,UNNAMED,27,43.7
AL051915,UNNAMED,16,25.7
AL061915,UNNAMED,42,64.3
AL011916,UNNAMED,19,25.7
AL021916,UNNAMED,51,54.0
AL031916,UNNAMED,52,46.3
AL041916,UNNAMED,20,51.4
AL051916,UNNAMED,10,25.7
AL061916,UNNAMED,33,59.2
AL071916,UNNAMED,22,48.9
AL081916,UNNAMED,26,36.0
AL091916,UNNAMED,11,23.1
AL101916,UNNAMED,35,38.6
AL111916,UNNAMED,31,54.0
AL121916,UNNAMED,13,25.7
AL131916,UNNAMED,36,54.0
AL141916,UNNAMED,43,48.9
AL151916,UNNAMED,22,30.9
AL011917,UNNAMED,33,23.1
AL021917,UNNAMED,24,30.9
AL031917,UNNAMED,35,54.0
AL041917,UNNAMED,43,66.9
AL011918,UNNAMED,28,54.0
AL021918,UNNAMED,18,46.3
AL031918,UNNAMED,15,33.4
AL041918,UNNAMED,23,30.9
AL051918,UNNAMED,27,48.9
AL061918,UNNAMED,23,20.6
AL011919,UNNAMED,16,28.3
AL031919,UNNAMED,13,43.7
AL021919,UNNAMED,59,66.9
AL041919,UNNAMED,14,20.6
AL051919,UNNAMED,24,30.9
AL011920,UNNAMED,38,48.9
AL021920,UNNAMED,30,43.7
AL031920,UNNAMED,20,38.6
AL041920,UNNAMED,18,20.6
AL051920,UNNAMED,24,38.6
AL011921,UNNAMED,43,41.2
AL021921,UNNAMED,16,36.0
AL031921,UNNAMED,48,56.6
AL041921,UNNAMED,28,41.2
AL051921,UNNAMED,36,36.0
AL061921,UNNAMED,43,61.7
AL071921,UNNAMED,28,25.7
AL011922,UNNAMED,18,23.1
AL021922,UNNAMED,62,54.0
AL031922,UNNAMED,29,36.0
AL041922,UNNAMED,46,48.9
AL051922,UNNAMED,24,23.1
AL011923,UNNAMED,28,25.7
AL021923,UNNAMED,39,46.3
AL031923,UNNAMED,17,23.1
AL041923,UNNAMED,21,36.0
AL051923,UNNAMED,41,54.0
AL061923,UNNAMED,22,36.0
AL071923,UNNAMED,21,28.3
AL081923,UNNAMED,23,25.7
AL091923,UNNAMED,12,20.6
AL011924,UNNAMED,14,20.6
AL021924,UNNAMED,11,28.3
AL031924,UNNAMED,50,54.0
AL041924,UNNAMED,48,48.9
AL051924,UNNAMED,29,38.6
AL061924,UNNAMED,12,20.6
AL071924,UNNAMED,48,25.7
AL081924,UNNAMED,18,33.4
AL091924,UNNAMED,16,25.7
AL101924,UNNAMED,40,74.6
AL111924,UNNAMED,38,36.0
AL011925,UNNAMED,14,36.0
AL021925,UNNAMED,11,18.0
AL031925,UNNAMED,8,23.1
AL041925,UNNAMED,36,41.2
AL011926,UNNAMED,47,61.7
AL021926,UNNAMED,42,54.0
AL031926,UNNAMED,31,51.4
AL041926,UNNAMED,95,59.2
AL051926,UNNAMED,19,46.3
AL061926,UNNAMED,27,18.0
AL071926,UNNAMED,46,66.9
AL081926,UNNAMED,42,46.3
AL091926,UNNAMED,11,18.0
AL101926,UNNAMED,57,66.9
AL111926,UNNAMED,18,18.0
AL011927,UNNAMED,45,56.6
AL021927,UNNAMED,39,41.2
AL031927,UNNAMED,28,36.0
AL041927,UNNAMED,36,48.9
AL051927,UNNAMED,17,25.7
AL061927,UNNAMED,14,20.6
AL071927,UNNAMED,20,20.6
AL081927,UNNAMED,12,25.7
AL011928,UNNAMED,46,46.3
AL021928,UNNAMED,42,41.2
AL031928,UNNAMED,29,25.7
AL041928,UNNAMED,62,72.0
AL051928,UNNAMED,20,30.9
AL061928,UNNAMED,22,41.2
AL011929,UNNAMED,15,41.2
AL021929,UNNAMED,67,69.4
AL031929,UNNAMED,20,25.7
AL041929,UNNAMED,22,30.9
AL051929,UNNAMED,15,36.0
AL011930,UNNAMED,50,56.6
AL021930,UNNAMED,81,69.4
AL031930,UNNAMED,12,30.9
AL011931,UNNAMED,19,23.1
AL021931,UNNAMED,26,30.9
AL031931,UNNAMED,34,25.7
AL041931,UNNAMED,21,18.0
AL051931,UNNAMED,13,20.6
AL061931,UNNAMED,28,59.2
AL071931,UNNAMED,33,43.7
AL081931,UNNAMED,25,33.4
AL091931,UNNAMED,13,20.6
AL101931,UNNAMED,18,28.3
AL111931,UNNAMED,18,25.7
AL121931,UNNAMED,22,23.1
AL131931,UNNAMED,15,28.3
AL011932,UNNAMED,23,28.3
AL021932,UNNAMED,17,66.9
AL031932,UNNAMED,39,38.6
AL041932,UNNAMED,73,72.0
AL051932,UNNAMED,16,30.9
AL061932,UNNAMED,38,33.4
AL071932,UNNAMED,44,28.3
AL081932,UNNAMED,17,28.3
AL091932,UNNAMED,31,64.3
AL101932,UNNAMED,10,20.6
AL111932,UNNAMED,47,30.9
AL121932,UNNAMED,18,25.7
AL131932,UNNAMED,13,30.9
AL141932,UNNAMED,63,77.2
AL151932,UNNAMED,31,43.7
AL011933,UNNAMED,22,23.1
AL021933,UNNAMED,53,48.9
AL031933,UNNAMED,55,23.1
AL041933,UNNAMED,11,25.7
AL051933,UNNAMED,51,41.2
AL061933,UNNAMED,62,61.7
AL071933,UNNAMED,31,20.6
AL081933,UNNAMED,60,72.0
AL091933,UNNAMED,34,28.3
AL101933,UNNAMED,14,18.0
AL111933,UNNAMED,33,61.7
AL121933,UNNAMED,60,61.7
AL131933,UNNAMED,23,48.9
AL141933,UNNAMED,38,72.0
AL151933,UNNAMED,17,33.4
AL161933,UNNAMED,16,20.6
AL171933,UNNAMED,33,56.6
AL181933,UNNAMED,55,41.2
AL191933,UNNAMED,20,36.0
AL201933,UNNAMED,8,25.7
AL011934,UNNAMED,71,43.7
AL021934,UNNAMED,21,41.2
AL031934,UNNAMED,20,38.6
AL041934,UNNAMED,11,18.0
AL051934,UNNAMED,27,36.0
AL061934,UNNAMED,15,23.1
AL071934,UNNAMED,24,46.3
AL081934,UNNAMED,29,23.1
AL091934,UNNAMED,30,25.7
AL101934,UNNAMED,12,43.7
AL111934,UNNAMED,23,25.7
AL121934,UNNAMED,17,20.6
AL131934,UNNAMED,42,51.4
AL011935,UNNAMED,17,25.7
AL021935,UNNAMED,43,59.2
AL031935,UNNAMED,52,82.3
AL041935,UNNAMED,15,25.7
AL051935,UNNAMED,39,61.7
AL061935,UNNAMED,36,38.6
AL071935,UNNAMED,39,46.3
AL081935,UNNAMED,45,20.6
AL011936,UNNAMED,23,20.6
AL021936,UNNAMED,13,23.1
AL031936,UNNAMED,8,36.0
AL041936,UNNAMED,10,20.6
AL051936,UNNAMED,24,46.3
AL061936,UNNAMED,31,23.1
AL071936,UNNAMED,21,18.0
AL081936,UNNAMED,20,33.4
AL091936,UNNAMED,14,25.7
AL101936,UNNAMED,49,48.9
AL111936,UNNAMED,13,36.0
AL121936,UNNAMED,5,18.0
AL131936,UNNAMED,71,54.0
AL141936,UNNAMED,22,23.1
AL151936,UNNAMED,28,46.3
AL161936,UNNAMED,9,18.0
AL171936,UNNAMED,55,28.3
AL011937,UNNAMED,21,30.9
AL021937,UNNAMED,28,28.3
AL031937,UNNAMED,39,30.9
AL041937,UNNAMED,24,43.7
AL051937,UNNAMED,9,30.9
AL061937,UNNAMED,31,56.6
AL071937,UNNAMED,23,25.7
AL081937,UNNAMED,34,43.7
AL091937,UNNAMED,28,33.4
AL101937,UNNAMED,11,20.6
AL111937,UNNAMED,11,36.0
AL011938,UNNAMED,22,36.0
AL021938,UNNAMED,7,30.9
AL031938,UNNAMED,24,43.7
AL041938,UNNAMED,24,54.0
AL051938,UNNAMED,19,18.0
AL061938,UNNAMED,57,72.0
AL071938,UNNAMED,30,25.7
AL081938,UNNAMED,19,18.0
AL091938,UNNAMED,15,30.9
AL011939,UNNAMED,28,28.3
AL021939,UNNAMED,50,33.4
AL031939,UNNAMED,24,28.3
AL041939,UNNAMED,19,23.1
AL051939,UNNAMED,30,61.7
AL061939,UNNAMED,39,41.2
AL011940,UNNAMED,32,28.3
AL021940,UNNAMED,31,43.7
AL031940,UNNAMED,38,43.7
AL041940,UNNAMED,34,48.9
AL051940,UNNAMED,49,43.7
AL061940,UNNAMED,29,23.1
AL071940,UNNAMED,27,43.7
AL081940,UNNAMED,19,36.0
AL091940,UNNAMED,21,36.0
AL011941,UNNAMED,22,25.7
AL021941,UNNAMED,40,56.6
AL031941,UNNAMED,32,36.0
AL041941,UNNAMED,29,59.2
AL051941,UNNAMED,44,54.0
AL061941,UNNAMED,30,23.1
AL011942,UNNAMED,12,25.7
AL021942,UNNAMED,26,36.0
AL031942,UNNAMED,38,51.4
AL041942,UNNAMED,39,48.9
AL051942,UNNAMED,32,23.1
AL061942,UNNAMED,27,23.1
AL071942,UNNAMED,13,23.1
AL081942,UNNAMED,22,30.9
AL091942,UNNAMED,12,23.1
AL101942,UNNAMED,22,23.1
AL111942,UNNAMED,28,48.9
AL011943,UNNAMED,18,46.3
AL021943,UNNAMED,26,25.7
AL031943,UNNAMED,34,61.7
AL041943,UNNAMED,36,54.0
AL051943,UNNAMED,18,23.1
AL061943,UNNAMED,20,43.7
AL071943,UNNAMED,16,28.3
AL081943,UNNAMED,11,30.9
AL091943,UNNAMED,25,48.9
AL101943,UNNAMED,26,20.6
AL011944,UNNAMED,28,36.0
AL021944,UNNAMED,15,28.3
AL031944,UNNAMED,21,36.0
AL041944,UNNAMED,32,54.0
AL051944,UNNAMED,20,25.7
AL061944,UNNAMED,13,28.3
AL071944,UNNAMED,32,64.3
AL081944,UNNAMED,14,36.0
AL091944,UNNAMED,29,43.7
AL101944,UNNAMED,13,23.1
AL111944,UNNAMED,13,20.6
AL121944,UNNAMED,20,36.0
AL131944,UNNAMED,51,64.3
AL141944,UNNAMED,12,30.9
AL011945,UNNAMED,59,43.7
AL021945,UNNAMED,13,18.0
AL031945,UNNAMED,12,25.7
AL041945,UNNAMED,15,30.9
AL051945,UNNAMED,24,51.4
AL061945,UNNAMED,15,30.9
AL071945,UNNAMED,13,18.0
AL081945,UNNAMED,14,25.7
AL091945,UNNAMED,39,59.2
AL101945,UNNAMED,22,41.2
AL111945,UNNAMED,26,43.7
AL011946,UNNAMED,14,18.0
AL021946,UNNAMED,24,36.0
AL031946,UNNAMED,6,18.0
AL041946,UNNAMED,26,43.7
AL051946,UNNAMED,20,41.2
AL061946,UNNAMED,39,43.7
AL071946,UNNAMED,13,20.6
AL011947,UNNAMED,10,23.1
AL021947,UNNAMED,31,48.9
AL031947,UNNAMED,39,36.0
AL041947,UNNAMED,73,64.3
AL051947,UNNAMED,10,25.7
AL061947,UNNAMED,27,28.3
AL071947,UNNAMED,16,25.7
AL081947,UNNAMED,13,25.7
AL091947,UNNAMED,36,46.3
AL101947,UNNAMED,22,54.0
AL011948,UNNAMED,28,23.1
AL021948,UNNAMED,18,18.0
AL031948,UNNAMED,44,54.0
AL041948,UNNAMED,10,25.7
AL051948,UNNAMED,22,36.0
AL061948,UNNAMED,54,59.2
AL071948,UNNAMED,14,28.3
AL081948,UNNAMED,36,59.2
AL091948,UNNAMED,56,56.6
AL101948,UNNAMED,11,33.4
AL011949,UNNAMED,37,48.9
AL021949,UNNAMED,40,59.2
AL031949,UNNAMED,14,20.6
AL041949,UNNAMED,35,56.6
AL051949,UNNAMED,11,25.7
AL061949,UNNAMED,47,33.4
AL071949,UNNAMED,14,23.1
AL081949,UNNAMED,16,25.7
AL091949,UNNAMED,27,41.2
AL101949,UNNAMED,11,36.0
AL111949,UNNAMED,41,48.9
AL121949,UNNAMED,21,25.7
AL131949,UNNAMED,35,41.2
AL141949,UNNAMED,17,25.7
AL151949,UNNAMED,19,23.1
AL161949,UNNAMED,9,28.3
AL011950,ABLE,51,56.6
AL021950,BAKER,60,46.3
AL031950,CHARLIE,61,48.9
AL041950,DOG,74,64.3
AL051950,EASY,39,54.0
AL061950,FOX,38,61.7
AL071950,GEORGE,42,48.9
AL081950,HOW,15,20.6
AL091950,ITEM,16,46.3
AL101950,JIG,27,51.4
AL111950,KING,31,59.2
AL121950,UNNAMED,31,30.9
AL131950,LOVE,21,36.0
AL141950,MIKE,14,20.6
AL151950,UNNAMED,10,23.1
AL161950,UNNAMED,10,30.9
AL011951,UNNAMED,41,28.3
AL021951,ABLE,36,41.2
AL031951,BAKER,15,25.7
AL041951,CHARLIE,52,59.2
AL051951,DOG,38,41.2
AL061951,EASY,55,66.9
AL071951,FOX,35,51.4
AL081951,GEORGE,11,25.7
AL091951,HOW,53,43.7
AL101951,ITEM,23,28.3
AL111951,JIG,20,33.4
AL121951,UNNAMED,36,36.0
AL011952,UNNAMED,13,30.9
AL021952,ABLE,66,43.7
AL031952,UNNAMED,6,23.1
AL041952,BAKER,40,48.9
AL051952,UNNAMED,27,23.1
AL061952,CHARLIE,29,54.0
AL071952,DOG,26,30.9
AL081952,UNNAMED,21,20.6
AL091952,EASY,21,46.3
AL101952,FOX,36,64.3
AL111952,UNNAMED,25,25.7
AL011953,ALICE,53,30.9
AL021953,UNNAMED,18,23.1
AL031953,BARBARA,26,41.2
AL041953,CAROL,52,72.0
AL051953,UNNAMED,13,18.0
AL061953,DOLLY,35,33.4
AL071953,EDNA,28,51.4
AL081953,UNNAMED,23,23.1
AL091953,FLORENCE,19,51.4
AL101953,GAIL,41,36.0
AL111953,UNNAMED,19,28.3
AL121953,HAZEL,40,38.6
AL131953,UNNAMED,15,23.1
AL141953,UNNAMED,9,28.3
AL011954,UNNAMED,14,23.1
AL021954,UNNAMED,29,30.9
AL031954,ALICE,13,48.9
AL041954,UNNAMED,15,23.1
AL051954,BARBARA,14,25.7
AL061954,CAROL,30,51.4
AL071954,DOLLY,18,38.6
AL081954,EDNA,41,56.6
AL091954,UNNAMED,8,20.6
AL101954,FLORENCE,11,28.3
AL111954,UNNAMED,11,20.6
AL121954,GILDA,24,30.9
AL131954,UNNAMED,48,43.7
AL141954,HAZEL,56,59.2
AL151954,UNNAMED,21,18.0
AL161954,ALICE,29,41.2
AL011955,BRENDA,14,30.9
AL021955,CONNIE,49,61.7
AL031955,DIANE,67,46.3
AL041955,EDITH,60,43.7
AL051955,UNNAMED,14,23.1
AL061955,FLORA,31,46.3
AL071955,GLADYS,14,33.4
AL081955,IONE,69,61.7
AL091955,HILDA,39,54.0
AL101955,JANET,40,77.2
AL111955,UNNAMED,22,23.1
AL121955,UNNAMED,18,28.3
AL131955,KATIE,20,48.9
AL011956,UNNAMED,15,25.7
AL021956,ANNA,9,38.6
AL031956,BETSY,50,54.0
AL041956,CARLA,38,30.9
AL051956,DORA,12,25.7
AL061956,ETHEL,11,25.7
AL071956,FLOSSY,52,41.2
AL081956,GRETA,30,43.7
AL091956,UNNAMED,14,20.6
AL101956,UNNAMED,12,20.6
AL111956,UNNAMED,20,28.3
AL121956,UNNAMED,11,20.6
AL011957,UNNAMED,32,33.4
AL021957,AUDREY,20,56.6
AL031957,BERTHA,14,28.3
AL041957,CARRIE,95,61.7
AL051957,DEBBIE,10,18.0
AL061957,ESTHER,15,28.3
AL071957,FRIEDA,29,38.6
AL081957,UNNAMED,20,25.7
AL011958,ALMA,10,28.3
AL021958,BECKY,37,30.9
AL031958,CLEO,47,61.7
AL041958,DAISY,30,59.2
AL051958,ELLA,35,48.9
AL061958,FIFI,30,38.6
AL071958,GERDA,34,25.7
AL081958,HELENE,54,66.9
AL091958,ILSA,26,48.9
AL101958,JANICE,39,43.7
AL111958,UNNAMED,18,28.3
AL121958,UNNAMED,13,30.9
AL011959,ARLENE,24,28.3
AL021959,BEULAH,15,30.9
AL031959,UNNAMED,20,38.6
AL041959,CINDY,35,33.4
AL051959,DEBRA,22,38.6
AL061959,EDITH,6,25.7
AL071959,FLORA,17,33.4
AL081959,GRACIE,50,59.2
AL091959,HANNAH,46,54.0
AL101959,IRENE,13,20.6
AL111959,JUDITH,34,38.6
AL121959,UNNAMED,20,30.9
AL131959,UNNAMED,30,30.9
AL141959,UNNAMED,21,28.3
AL011960,UNNAMED,27,25.7
AL021960,ABBY,34,36.0
AL031960,BRENDA,46,30.9
AL041960,CLEO,14,38.6
AL051960,DONNA,72,64.3
AL061960,ETHEL,22,51.4
AL071960,FLORENCE,40,25.7
AL081960,UNNAMED,9,20.6
AL011961,ANNA,32,46.3
AL021961,BETSY,58,59.2
AL031961,CARLA,60,64.3
AL041961,DEBBIE,55,41.2
AL051961,ESTHER,70,72.0
AL061961,UNNAMED,15,30.9
AL071961,FRANCES,43,59.2
AL081961,GERDA,23,33.4
AL091961,HATTIE,26,74.6
AL101961,JENNY,38,36.0
AL111961,INGA,20,30.9
AL121961,UNNAMED,15,25.7
AL011962,ALMA,28,38.6
AL021962,BECKY,20,25.7
AL031962,CELIA,39,30.9
AL041962,DAISY,41,46.3
AL051962,ELLA,45,48.9
AL061962,UNNAMED,31,28.3
AL071962,UNNAMED,40,41.2
AL011963,ARLENE,55,51.4
AL021963,BEULAH,80,54.0
AL031963,UNNAMED,21,36.0
AL041963,CINDY,16,28.3
AL051963,DEBRA,23,33.4
AL061963,EDITH,28,43.7
AL071963,FLORA,79,66.9
AL081963,GINNY,52,48.9
AL091963,HELENA,23,23.1
AL101963,UNNAMED,14,25.7
AL011964,UNNAMED,34,30.9
AL021964,UNNAMED,50,38.6
AL031964,ABBY,14,30.9
AL041964,BRENDA,11,23.1
AL051964,CLEO,92,66.9
AL061964,DORA,75,59.2
AL071964,ETHEL,54,46.3
AL081964,FLORENCE,21,20.6
AL091964,GLADYS,48,59.2
AL101964,HILDA,39,61.7
AL111964,ISBELL,34,51.4
AL121964,UNNAMED,22,30.9
AL131964,UNNAMED,20,25.7
AL131964,UNNAMED,19,25.7
AL011965,UNNAMED,30,25.7
AL021965,ANNA,22,46.3
AL031965,BETSY,74,61.7
AL041965,CAROL,70,41.2
AL051965,DEBBIE,24,25.7
AL061965,ELENA,33,48.9
AL071965,UNNAMED,31,25.7
AL081965,UNNAMED,17,30.9
AL091965,UNNAMED,15,28.3
AL101965,UNNAMED,23,23.1
AL011966,ALMA,42,56.6
AL021966,BECKY,9,33.4
AL031966,CELIA,36,36.0
AL051966,ELLA,26,23.1
AL041966,DOROTHY,37,38.6
AL061966,FAITH,69,56.6
AL071966,GRETA,26,25.7
AL081966,HALLIE,7,23.1
AL091966,INEZ,81,66.9
AL101966,JUDITH,15,23.1
AL111966,LOIS,39,36.0
AL011967,UNNAMED,9,-50.9
AL021967,UNNAMED,13,-50.9
AL031967,UNNAMED,16,-50.9
AL041967,UNNAMED,9,-50.9
AL051967,UNNAMED,17,-50.9
AL061967,UNNAMED,5,-50.9
AL071967,UNNAMED,13,-50.9
AL081967,UNNAMED,25,-50.9
AL091967,UNNAMED,13,-50.9
AL101967,UNNAMED,17,-50.9
AL111967,ARLENE,29,38.6
AL121967,CHLOE,68,48.9
AL131967,BEULAH,70,72.0
AL141967,DORIA,55,38.6
AL151967,UNNAMED,33,-50.9
AL161967,UNNAMED,33,-50.9
AL171967,UNNAMED,13,-50.9
AL181967,EDITH,21,25.7
AL191967,FERN,13,38.6
AL201967,UNNAMED,9,-50.9
AL211967,GINGER,14,23.1
AL221967,UNNAMED,5,-50.9
AL231967,UNNAMED,9,-50.9
AL241967,UNNAMED,9,-50.9
AL251967,HEIDI,54,41.2
AL261967,UNNAMED,13,-50.9
AL011968,ABBY,51,33.4
AL021968,BRENDA,37,33.4
AL031968,CANDY,15,30.9
AL041968,UNNAMED,5,12.9
AL051968,DOLLY,29,36.0
AL061968,UNNAMED,25,12.9
AL071968,UNNAMED,15,15.4
AL081968,EDNA,31,28.3
AL091968,UNNAMED,38,36.0
AL101968,UNNAMED,19,12.9
AL111968,UNNAMED,11,15.4
AL121968,FRANCES,30,25.7
AL131968,UNNAMED,18,-50.9
AL141968,GLADYS,34,38.6
AL151968,UNNAMED,5,12.9
AL011969,UNNAMED,17,12.9
AL021969,UNNAMED,5,12.9
AL031969,UNNAMED,9,12.9
AL041969,UNNAMED,13,12.9
AL051969,UNNAMED,9,15.4
AL061969,ANNA,46,30.9
AL071969,BLANCHE,10,38.6
AL081969,DEBBIE,45,54.0
AL091969,CAMILLE,37,77.2
AL101969,UNNAMED,17,12.9
AL111969,UNNAMED,9,12.9
AL121969,EVE,12,25.7
AL131969,FRANCELIA,27,51.4
AL141969,UNNAMED,13,12.9
AL151969,UNNAMED,21,15.4
AL161969,GERDA,19,56.6
AL171969,HOLLY,27,38.6
AL181969,UNNAMED,17,12.9
AL191969,UNNAMED,8,12.9
AL201969,INGA,99,51.4
AL211969,UNNAMED,19,33.4
AL221969,UNNAMED,23,30.9
AL231969,UNNAMED,10,25.7
AL241969,JENNY,22,20.6
AL251969,KARA,48,46.3
AL261969,LAURIE,42,46.3
AL271969,UNNAMED,14,30.9
AL281969,UNNAMED,31,33.4
AL291969,MARTHA,17,41.2
AL011970,ALMA,39,36.0
AL021970,BECKY,19,28.3
AL031970,UNNAMED,22,12.9
AL041970,CELIA,24,56.6
AL051970,UNNAMED,17,15.4
AL061970,UNNAMED,7,12.9
AL071970,UNNAMED,29,15.4
AL081970,UNNAMED,15,30.9
AL091970,DOROTHY,25,30.9
AL101970,UNNAMED,24,12.9
AL111970,UNNAMED,10,12.9
AL121970,ELLA,20,56.6
AL131970,FELICE,23,30.9
AL141970,UNNAMED,14,12.9
AL151970,UNNAMED,73,15.4
AL161970,GRETA,35,23.1
AL171970,UNNAMED,9,12.9
AL181970,UNNAMED,23,46.3
AL191970,UNNAMED,33,33.4
AL011971,ARLENE,15,28.3
AL021971,UNNAMED,5,12.9
AL031971,UNNAMED,5,12.9
AL041971,UNNAMED,17,38.6
AL051971,UNNAMED,13,12.9
AL061971,BETH,29,38.6
AL071971,UNNAMED,17,12.9
AL081971,CHLOE,29,28.3
AL091971,DORIA,36,28.3
AL101971,UNNAMED,17,12.9
AL111971,FERN,39,41.2
AL121971,UNNAMED,22,15.4
AL131971,EDITH,51,72.0
AL141971,GINGER,118,48.9
AL151971,UNNAMED,13,12.9
AL161971,UNNAMED,17,15.4
AL171971,HEIDI,17,28.3
AL181971,IRENE,37,36.0
AL191971,JANICE,15,28.3
AL201971,UNNAMED,33,12.9
AL211971,KRISTY,16,23.1
AL221971,LAURA,39,30.9
AL011972,ALPHA,24,30.9
AL021972,AGNES,35,38.6
AL031972,UNNAMED,8,12.9
AL041972,UNNAMED,10,12.9
AL051972,UNNAMED,18,12.9
AL061972,UNNAMED,13,12.9
AL071972,UNNAMED,10,12.9
AL081972,UNNAMED,13,12.9
AL091972,UNNAMED,9,12.9
AL101972,BETTY,42,46.3
AL111972,CARRIE,29,30.9
AL121972,UNNAMED,9,12.9
AL131972,DAWN,39,36.0
AL141972,CHARLIE,11,30.9
AL151972,UNNAMED,17,12.9
AL161972,UNNAMED,9,12.9
AL171972,UNNAMED,41,15.4
AL181972,UNNAMED,17,12.9
AL191972,DELTA,25,20.6
AL011973,UNNAMED,13,12.9
AL021973,UNNAMED,13,12.9
AL031973,UNNAMED,9,12.9
AL041973,ALICE,22,41.2
AL051973,UNNAMED,9,12.9
AL061973,ALFA,11,20.6
AL071973,UNNAMED,9,15.4
AL081973,BRENDA,16,41.2
AL091973,CHRISTINE,42,30.9
AL101973,DELIA,23,30.9
AL111973,UNNAMED,25,15.4
AL121973,ELLEN,37,51.4
AL131973,UNNAMED,9,12.9
AL141973,FRAN,20,36.0
AL151973,UNNAMED,9,12.9
AL161973,GILDA,56,30.9
AL171973,UNNAMED,6,15.4
AL011974,UNNAMED,17,12.9
AL021974,UNNAMED,6,28.3
AL031974,UNNAMED,9,15.4
AL041974,UNNAMED,18,15.4
AL051974,UNNAMED,19,23.1
AL061974,UNNAMED,19,25.7
AL071974,ALMA,13,28.3
AL081974,UNNAMED,9,15.4
AL091974,BECKY,28,51.4
AL101974,CARMEN,49,66.9
AL111974,UNNAMED,37,15.4
AL121974,DOLLY,12,23.1
AL131974,ELAINE,38,30.9
AL141974,FIFI,33,48.9
AL151974,UNNAMED,10,12.9
AL161974,UNNAMED,17,15.4
AL171974,GERTRUDE,27,33.4
AL181974,UNNAMED,21,23.1
AL191974,UNNAMED,13,12.9
AL201974,UNNAMED,9,12.9
AL011975,UNNAMED,21,15.4
AL021975,AMY,31,30.9
AL031975,UNNAMED,5,12.9
AL041975,BLANCHE,20,38.6
AL051975,UNNAMED,7,12.9
AL061975,UNNAMED,9,15.4
AL071975,CAROLINE,33,51.4
AL081975,DORIS,29,48.9
AL091975,UNNAMED,24,15.4
AL101975,UNNAMED,13,15.4
AL111975,UNNAMED,6,12.9
AL121975,UNNAMED,14,15.4
AL131975,ELOISE,47,56.6
AL141975,FAYE,46,46.3
AL151975,GLADYS,46,61.7
AL161975,UNNAMED,17,12.9
AL171975,UNNAMED,9,12.9
AL181975,UNNAMED,13,15.4
AL191975,HALLIE,14,23.1
AL201975,UNNAMED,10,12.9
AL211975,UNNAMED,18,15.4
AL221975,UNNAMED,9,12.9
AL231975,UNNAMED,17,30.9
AL011976,UNNAMED,18,23.1
AL021976,UNNAMED,10,15.4
AL031976,UNNAMED,6,15.4
AL041976,UNNAMED,9,12.9
AL051976,UNNAMED,6,12.9
AL061976,ANNA,37,23.1
AL071976,BELLE,18,54.0
AL081976,DOTTIE,15,23.1
AL091976,CANDICE,25,41.2
AL101976,EMMY,62,46.3
AL111976,FRANCES,45,51.4
AL121976,UNNAMED,9,12.9
AL131976,UNNAMED,9,12.9
AL141976,UNNAMED,15,20.6
AL151976,UNNAMED,29,15.4
AL161976,UNNAMED,10,12.9
AL171976,GLORIA,35,46.3
AL181976,UNNAMED,9,15.4
AL191976,UNNAMED,37,15.4
AL201976,UNNAMED,13,15.4
AL211976,HOLLY,26,33.4
AL011977,UNNAMED,6,12.9
AL021977,UNNAMED,6,15.4
AL031977,UNNAMED,5,12.9
AL041977,UNNAMED,13,15.4
AL051977,ANITA,20,77.2
AL061977,BABE,24,33.4
AL071977,CLARA,27,33.4
AL081977,UNNAMED,9,12.9
AL091977,UNNAMED,5,12.9
AL101977,DOROTHY,15,38.6
AL111977,UNNAMED,9,15.4
AL121977,UNNAMED,9,15.4
AL131977,EVELYN,10,36.0
AL141977,FRIEDA,10,25.7
AL151977,UNNAMED,6,15.4
AL011978,UNNAMED,19,20.6
AL021978,UNNAMED,6,12.9
AL031978,UNNAMED,9,15.4
AL041978,AMELIA,6,23.1
AL051978,BESS,13,23.1
AL061978,CORA,19,41.2
AL071978,UNNAMED,18,15.4
AL081978,UNNAMED,6,12.9
AL091978,DEBRA,14,25.7
AL101978,ELLA,27,61.7
AL111978,UNNAMED,9,15.4
AL121978,UNNAMED,33,15.4
AL131978,FLOSSIE,50,43.7
AL141978,UNNAMED,10,15.4
AL151978,HOPE,39,28.3
AL161978,GRETA,26,59.2
AL171978,UNNAMED,45,15.4
AL181978,UNNAMED,9,15.4
AL191978,IRMA,14,23.1
AL201978,JULIET,16,23.1
AL211978,UNNAMED,18,15.4
AL221978,UNNAMED,13,12.9
AL231978,KENDRA,24,36.0
AL241978,UNNAMED,9,12.9
AL011979,UNNAMED,22,15.4
AL021979,ANA,19,25.7
AL031979,UNNAMED,21,12.9
AL041979,BOB,29,33.4
AL051979,UNNAMED,14,15.4
AL061979,CLAUDETTE,57,23.1
AL071979,UNNAMED,14,15.4
AL081979,UNNAMED,25,15.4
AL091979,DAVID,55,77.2
AL101979,UNNAMED,13,15.4
AL111979,FREDERIC,68,59.2
AL121979,ELENA,13,18.0
AL131979,UNNAMED,21,15.4
AL141979,GLORIA,44,43.7
AL151979,HENRI,39,38.6
AL161979,UNNAMED,21,15.4
AL171979,UNNAMED,33,15.4
AL181979,UNNAMED,9,33.4
AL191979,UNNAMED,21,15.4
AL201979,UNNAMED,11,15.4
AL011980,UNNAMED,17,12.9
AL021980,UNNAMED,17,15.4
AL031980,UNNAMED,17,15.4
AL041980,ALLEN,46,84.9
AL051980,UNNAMED,17,15.4
AL061980,BONNIE,24,43.7
AL071980,CHARLEY,22,36.0
AL081980,UNNAMED,17,15.4
AL091980,GEORGES,32,36.0
AL101980,EARL,27,33.4
AL111980,DANIELLE,12,25.7
AL121980,FRANCES,61,51.4
AL131980,HERMINE,23,30.9
AL141980,IVAN,45,46.3
AL151980,UNNAMED,9,12.9
AL161980,JEANNE,35,43.7
AL171980,UNNAMED,25,15.4
AL181980,KARL,13,38.6
AL011981,UNNAMED,5,15.4
AL021981,UNNAMED,10,12.9
AL031981,ARLENE,11,25.7
AL041981,UNNAMED,11,15.4
AL051981,UNNAMED,7,15.4
AL061981,BRET,9,30.9
AL071981,UNNAMED,8,15.4
AL081981,UNNAMED,7,15.4
AL091981,CINDY,12,25.7
AL101981,DENNIS,60,36.0
AL111981,UNNAMED,19,15.4
AL121981,UNNAMED,12,15.4
AL131981,EMILY,47,41.2
AL141981,FLOYD,37,51.4
AL151981,GERT,36,46.3
AL161981,HARVEY,34,59.2
AL171981,UNNAMED,11,15.4
AL181981,IRENE,48,54.0
AL191981,UNNAMED,36,15.4
AL201981,JOSE,15,23.1
AL211981,KATRINA,20,38.6
AL221981,UNNAMED,20,30.9
AL011982,ALBERTO,17,38.6
AL021982,UNNAMED,12,30.9
AL031982,BERYL,37,30.9
AL041982,UNNAMED,15,15.4
AL051982,CHRIS,16,28.3
AL061982,DEBBY,30,59.2
AL071982,UNNAMED,15,15.4
AL081982,ERNESTO,11,30.9
AL011983,UNNAMED,22,15.4
AL021983,UNNAMED,25,15.4
AL031983,ALICIA,25,51.4
AL041983,BARRY,26,36.0
AL051983,CHANTAL,20,33.4
AL061983,DEAN,17,28.3
AL011984,UNNAMED,11,15.4
AL021984,UNNAMED,8,15.4
AL031984,UNNAMED,11,15.4
AL041984,UNNAMED,10,15.4
AL051984,UNNAMED,14,25.7
AL061984,ARTHUR,33,23.1
AL071984,BERTHA,22,18.0
AL081984,CESAR,12,25.7
AL091984,UNNAMED,8,15.4
AL101984,DIANA,33,59.2
AL111984,EDOUARD,7,28.3
AL121984,FRAN,21,28.3
AL131984,GUSTAV,11,23.1
AL141984,HORTENSE,40,33.4
AL151984,ISIDORE,25,25.7
AL161984,JOSEPHINE,56,46.3
AL171984,UNNAMED,12,15.4
AL181984,KLAUS,33,41.2
AL191984,UNNAMED,20,15.4
AL201984,LILI,49,36.0
AL011985,ANA,16,30.9
AL021985,BOB,21,33.4
AL031985,CLAUDETTE,30,38.6
AL041985,DANNY,37,41.2
AL051985,ELENA,33,56.6
AL061985,UNNAMED,21,15.4
AL071985,UNNAMED,10,15.4
AL081985,FABIAN,16,28.3
AL091985,GLORIA,65,64.3
AL101985,HENRI,15,25.7
AL111985,ISABEL,36,30.9
AL121985,JUAN,29,38.6
AL131985,KATE,34,54.0
AL141985,UNNAMED,10,15.4
AL011986,ANDREW,16,23.1
AL021986,BONNIE,21,38.6
AL031986,UNNAMED,21,15.4
AL041986,UNNAMED,7,15.4
AL051986,CHARLEY,68,36.0
AL061986,UNNAMED,21,15.4
AL071986,UNNAMED,13,15.4
AL081986,DANIELLE,14,25.7
AL091986,EARL,38,46.3
AL101986,FRANCES,13,38.6
AL011987,UNNAMED,31,15.4
AL031987,UNNAMED,32,20.6
AL021987,ARLENE,81,33.4
AL041987,UNNAMED,11,15.4
AL051987,BRET,26,23.1
AL061987,UNNAMED,14,15.4
AL071987,CINDY,22,23.1
AL081987,UNNAMED,12,15.4
AL091987,UNNAMED,7,15.4
AL101987,DENNIS,49,23.1
AL111987,UNNAMED,17,15.4
AL121987,EMILY,30,56.6
AL131987,FLOYD,21,33.4
AL141987,UNNAMED,17,15.4
AL011988,ALBERTO,13,18.0
AL021988,BERYL,12,23.1
AL031988,CHRIS,39,23.1
AL041988,DEBBY,33,33.4
AL051988,ERNESTO,9,28.3
AL061988,UNNAMED,13,25.7
AL071988,FLORENCE,20,36.0
AL081988,GILBERT,49,82.3
AL091988,HELENE,44,64.3
AL101988,ISAAC,12,20.6
AL111988,JOAN,53,64.3
AL121988,KEITH,39,33.4
AL131988,UNNAMED,9,12.9
AL141988,UNNAMED,7,15.4
AL151988,UNNAMED,45,15.4
AL161988,UNNAMED,16,15.4
AL171988,UNNAMED,2,15.4
AL181988,UNNAMED,6,12.9
AL191988,UNNAMED,9,15.4
AL011989,UNNAMED,7,12.9
AL021989,ALLISON,29,23.1
AL031989,BARRY,18,23.1
AL041989,CHANTAL,16,36.0
AL051989,DEAN,38,46.3
AL061989,UNNAMED,36,15.4
AL071989,ERIN,37,46.3
AL081989,FELIX,63,38.6
AL091989,UNNAMED,6,12.9
AL101989,GABRIELLE,58,64.3
AL111989,HUGO,64,72.0
AL121989,IRIS,21,30.9
AL131989,UNNAMED,15,15.4
AL141989,JERRY,20,38.6
AL151989,KAREN,24,25.7
AL011990,UNNAMED,7,12.9
AL021990,ARTHUR,22,30.9
AL031990,BERTHA,37,36.0
AL041990,CESAR,31,23.1
AL061990,EDOUARD,44,20.6
AL051990,DIANA,25,43.7
AL071990,FRAN,13,18.0
AL081990,GUSTAV,41,54.0
AL091990,HORTENSE,26,28.3
AL101990,ISIDORE,55,43.7
AL111990,UNNAMED,37,15.4
AL121990,JOSEPHINE,62,38.6
AL131990,KLAUS,25,36.0
AL141990,LILI,38,33.4
AL151990,MARCO,17,28.3
AL161990,NANA,23,38.6
AL011991,ANA,25,23.1
AL021991,UNNAMED,6,15.4
AL031991,BOB,55,51.4
AL041991,UNNAMED,7,15.4
AL051991,UNNAMED,13,15.4
AL061991,CLAUDETTE,43,59.2
AL071991,DANNY,19,23.1
AL081991,ERIKA,18,25.7
AL091991,FABIAN,11,20.6
AL101991,UNNAMED,5,12.9
AL111991,GRACE,18,46.3
AL121991,UNNAMED,22,33.4
AL011992,UNNAMED,14,23.1
AL021992,UNNAMED,5,15.4
AL031992,UNNAMED,8,15.4
AL041992,ANDREW,52,77.2
AL051992,BONNIE,61,48.9
AL061992,CHARLEY,30,48.9
AL071992,DANIELLE,18,28.3
AL081992,UNNAMED,25,15.4
AL091992,EARL,29,28.3
AL101992,FRANCES,31,38.6
AL011993,UNNAMED,11,18.0
AL021993,ARLENE,15,18.0
AL031993,BRET,33,25.7
AL041993,CINDY,12,20.6
AL051993,EMILY,61,51.4
AL061993,DENNIS,21,23.1
AL071993,FLOYD,23,36.0
AL081993,GERT,30,43.7
AL091993,HARVEY,13,33.4
AL101993,UNNAMED,5,15.4
AL011994,ALBERTO,32,28.3
AL021994,UNNAMED,6,15.4
AL031994,BERYL,20,25.7
AL041994,CHRIS,30,36.0
AL051994,UNNAMED,9,15.4
AL061994,DEBBY,8,30.9
AL071994,ERNESTO,18,25.7
AL081994,UNNAMED,10,15.4
AL091994,UNNAMED,7,15.4
AL101994,UNNAMED,7,15.4
AL111994,FLORENCE,28,48.9
AL121994,GORDON,59,38.6
AL011995,ALLISON,35,33.4
AL021995,BARRY,24,30.9
AL031995,CHANTAL,41,30.9
AL041995,DEAN,22,20.6
AL051995,ERIN,30,43.7
AL061995,UNNAMED,9,15.4
AL071995,FELIX,69,61.7
AL081995,GABRIELLE,11,30.9
AL091995,HUMBERTO,41,48.9
AL101995,IRIS,66,48.9
AL111995,JERRY,22,18.0
AL121995,KAREN,31,23.1
AL131995,LUIS,61,66.9
AL141995,UNNAMED,17,15.4
AL151995,MARILYN,79,51.4
AL161995,NOEL,45,33.4
AL171995,OPAL,39,66.9
AL181995,PABLO,16,25.7
AL191995,ROXANNE,56,51.4
AL201995,SEBASTIEN,19,28.3
AL211995,TANYA,29,38.6
AL011996,ARTHUR,22,23.1
AL021996,BERTHA,51,51.4
AL031996,CESAR,18,38.6
AL041996,DOLLY,25,36.0
AL051996,EDOUARD,73,64.3
AL061996,FRAN,72,54.0
AL071996,GUSTAV,29,20.6
AL081996,HORTENSE,53,61.7
AL091996,ISIDORE,33,51.4
AL101996,JOSEPHINE,47,30.9
AL111996,KYLE,7,23.1
AL121996,LILI,60,51.4
AL131996,MARCO,54,33.4
AL011997,UNNAMED,9,23.1
AL021997,ANA,19,20.6
AL031997,BILL,10,33.4
AL041997,CLAUDETTE,16,20.6
AL051997,DANNY,47,36.0
AL061997,UNNAMED,8,15.4
AL071997,ERIKA,67,56.6
AL081997,FABIAN,17,20.6
AL091997,GRACE,13,20.6
AL011998,ALEX,26,23.1
AL021998,BONNIE,49,51.4
AL031998,CHARLEY,13,30.9
AL041998,DANIELLE,61,46.3
AL051998,EARL,33,43.7
AL061998,FRANCES,21,28.3
AL071998,GEORGES,71,69.4
AL081998,HERMINE,15,20.6
AL091998,IVAN,36,41.2
AL101998,JEANNE,54,46.3
AL111998,KARL,26,46.3
AL121998,LISA,21,33.4
AL131998,MITCH,78,79.7
AL141998,NICOLE,35,38.6
AL011999,ARLENE,26,25.7
AL021999,UNNAMED,4,15.4
AL031999,BRET,26,64.3
AL041999,CINDY,51,61.7
AL051999,DENNIS,66,46.3
AL061999,EMILY,18,23.1
AL071999,UNNAMED,8,15.4
AL081999,FLOYD,50,69.4
AL091999,GERT,49,66.9
AL101999,HARVEY,14,25.7
AL111999,UNNAMED,10,15.4
AL121999,UNNAMED,12,15.4
AL131999,IRENE,34,48.9
AL141999,JOSE,34,43.7
AL151999,KATRINA,16,18.0
AL161999,LENNY,39,69.4
AL012000,UNNAMED,4,12.9
AL022000,UNNAMED,12,15.4
AL032000,ALBERTO,87,56.6
AL042000,UNNAMED,13,15.4
AL052000,BERYL,9,23.1
AL062000,CHRIS,9,18.0
AL072000,DEBBY,23,38.6
AL082000,ERNESTO,10,18.0
AL092000,UNNAMED,6,15.4
AL102000,FLORENCE,29,36.0
AL112000,GORDON,29,36.0
AL122000,HELENE,42,30.9
AL132000,ISAAC,52,61.7
AL142000,JOYCE,28,41.2
AL152000,KEITH,35,61.7
AL162000,LESLIE,26,30.9
AL172000,MICHAEL,22,43.7
AL182000,NADINE,13,25.7
AL192000,UNNAMED,20,28.3
AL012001,ALLISON,57,25.7
AL022001,UNNAMED,5,12.9
AL032001,BARRY,25,30.9
AL042001,CHANTAL,33,30.9
AL052001,DEAN,29,30.9
AL062001,ERIN,62,54.0
AL072001,FELIX,46,51.4
AL082001,GABRIELLE,41,36.0
AL092001,UNNAMED,4,15.4
AL102001,HUMBERTO,26,46.3
AL112001,IRIS,22,64.3
AL122001,JERRY,10,23.1
AL132001,KAREN,19,36.0
AL142001,LORENZO,16,18.0
AL152001,MICHELLE,35,61.7
AL162001,NOEL,12,33.4
AL172001,OLGA,47,41.2
AL012002,ARTHUR,20,25.7
AL022002,BERTHA,23,18.0
AL032002,CRISTOBAL,13,23.1
AL042002,DOLLY,26,25.7
AL052002,EDOUARD,21,28.3
AL062002,FAY,23,25.7
AL072002,UNNAMED,5,15.4
AL082002,GUSTAV,30,43.7
AL092002,HANNA,17,25.7
AL102002,ISIDORE,55,56.6
AL112002,JOSEPHINE,9,25.7
AL122002,KYLE,90,38.6
AL132002,LILI,57,64.3
AL142002,UNNAMED,11,15.4
AL012003,ANA,39,25.7
AL022003,UNNAMED,4,15.4
AL032003,BILL,21,25.7
AL042003,CLAUDETTE,45,41.2
AL052003,DANNY,44,33.4
AL062003,UNNAMED,8,15.4
AL072003,UNNAMED,7,15.4
AL082003,ERIKA,11,33.4
AL092003,UNNAMED,4,15.4
AL102003,FABIAN,53,64.3
AL112003,GRACE,13,18.0
AL122003,HENRI,22,25.7
AL132003,ISABEL,58,74.6
AL142003,UNNAMED,10,15.4
AL152003,JUAN,22,46.3
AL162003,KATE,58,56.6
AL172003,LARRY,42,28.3
AL182003,MINDY,14,20.6
AL192003,NICHOLAS,80,30.9
AL202003,ODETTE,23,28.3
AL212003,PETER,15,30.9
AL012004,ALEX,25,54.0
AL022004,BONNIE,44,28.3
AL032004,CHARLEY,30,66.9
AL042004,DANIELLE,46,48.9
AL052004,EARL,9,23.1
AL062004,FRANCES,75,64.3
AL072004,GASTON,28,33.4
AL082004,HERMINE,16,25.7
AL092004,IVAN,94,74.6
AL102004,UNNAMED,13,15.4
AL112004,JEANNE,69,54.0
AL122004,KARL,48,64.3
AL132004,LISA,55,33.4
AL142004,MATTHEW,13,20.6
AL152004,NICOLE,8,23.1
AL162004,OTTO,39,23.1
AL012005,ARLENE,26,30.9
AL022005,BRET,7,18.0
AL032005,CINDY,34,33.4
AL042005,DENNIS,59,66.9
AL052005,EMILY,45,72.0
AL062005,FRANKLIN,38,30.9
AL072005,GERT,9,20.6
AL082005,HARVEY,46,28.3
AL092005,IRENE,56,46.3
AL102005,TEN,21,15.4
AL112005,JOSE,6,25.7
AL122005,KATRINA,34,77.2
AL132005,LEE,26,18.0
AL142005,MARIA,51,51.4
AL152005,NATE,29,41.2
AL162005,OPHELIA,69,38.6
AL172005,PHILIPPE,28,36.0
AL182005,RITA,36,79.7
AL192005,NINETEEN,9,15.4
AL202005,STAN,17,36.0
AL212005,UNNAMED,7,23.1
AL222005,TAMMY,9,23.1
AL232005,TWENTY-TWO,27,20.6
AL242005,VINCE,15,33.4
AL252005,WILMA,48,82.3
AL262005,ALPHA,11,23.1
AL272005,BETA,18,51.4
AL282005,GAMMA,33,23.1
AL292005,DELTA,42,30.9
AL302005,EPSILON,43,38.6
AL312005,ZETA,36,28.3
AL012006,ALBERTO,38,30.9
AL022006,UNNAMED,13,23.1
AL032006,BERYL,18,25.7
AL042006,CHRIS,23,28.3
AL052006,DEBBY,26,23.1
AL062006,ERNESTO,47,33.4
AL072006,FLORENCE,62,41.2
AL082006,GORDON,57,54.0
AL092006,HELENE,62,54.0
AL102006,ISAAC,24,38.6
AL012007,ANDREA,31,33.4
AL022007,BARRY,24,25.7
AL032007,CHANTAL,23,30.9
AL042007,DEAN,42,77.2
AL052007,ERIN,21,25.7
AL062007,FELIX,28,77.2
AL072007,GABRIELLE,15,25.7
AL082007,INGRID,26,20.6
AL092007,HUMBERTO,11,41.2
AL102007,TEN,4,15.4
AL112007,JERRY,8,18.0
AL122007,KAREN,19,33.4
AL132007,LORENZO,14,36.0
AL142007,MELISSA,31,18.0
AL152007,FIFTEEN,26,23.1
AL162007,NOEL,56,38.6
AL172007,OLGA,25,25.7
AL012008,ARTHUR,10,20.6
AL022008,BERTHA,74,56.6
AL032008,CRISTOBAL,18,28.3
AL042008,DOLLY,31,43.7
AL052008,EDOUARD,14,28.3
AL062008,FAY,60,30.9
AL072008,GUSTAV,50,69.4
AL082008,HANNA,49,38.6
AL092008,IKE,62,64.3
AL102008,JOSEPHINE,33,28.3
AL112008,KYLE,23,38.6
AL122008,LAURA,34,36.0
AL132008,MARCO,8,28.3
AL142008,NANA,14,18.0
AL152008,OMAR,32,59.2
AL162008,SIXTEEN,8,12.9
AL172008,PALOMA,36,64.3
AL012009,ONE,15,15.4
AL022009,ANA,26,18.0
AL032009,BILL,46,59.2
AL042009,CLAUDETTE,8,25.7
AL052009,DANNY,12,25.7
AL062009,ERIKA,12,23.1
AL072009,FRED,48,54.0
AL082009,EIGHT,7,15.4
AL092009,GRACE,37,28.3
AL102009,HENRI,23,23.1
AL112009,IDA,31,46.3
AL012010,ALEX,32,48.9
AL022010,TWO,13,15.4
AL032010,BONNIE,18,20.6
AL042010,COLIN,25,25.7
AL052010,FIVE,32,15.4
AL062010,DANIELLE,51,59.2
AL072010,EARL,55,64.3
AL082010,FIONA,24,28.3
AL092010,GASTON,30,18.0
AL102010,HERMINE,23,30.9
AL112010,IGOR,61,69.4
AL122010,JULIA,51,61.7
AL132010,KARL,22,56.6
AL142010,LISA,38,38.6
AL152010,MATTHEW,16,25.7
AL162010,NICOLE,12,20.6
AL172010,OTTO,47,38.6
AL182010,PAULA,21,46.3
AL192010,RICHARD,29,43.7
AL202010,SHARY,9,33.4
AL212010,TOMAS,54,43.7
AL012011,ARLENE,13,28.3
AL022011,BRET,29,30.9
AL032011,CINDY,13,30.9
AL042011,DON,14,23.1
AL052011,EMILY,24,23.1
AL062011,FRANKLIN,15,20.6
AL072011,GERT,19,28.3
AL082011,HARVEY,17,28.3
AL092011,IRENE,43,54.0
AL102011,TEN,9,15.4
AL112011,JOSE,13,20.6
AL122011,KATIA,64,61.7
AL202011,UNNAMED,14,20.6
AL132011,LEE,22,25.7
AL142011,MARIA,42,36.0
AL152011,NATE,23,33.4
AL162011,OPHELIA,59,61.7
AL172011,PHILIPPE,65,41.2
AL182011,RINA,31,51.4
AL192011,SEAN,28,28.3
AL012012,ALBERTO,20,25.7
AL022012,BERYL,33,30.9
AL032012,CHRIS,31,38.6
AL042012,DEBBY,18,28.3
AL052012,ERNESTO,39,43.7
AL062012,FLORENCE,21,25.7
AL072012,HELENE,38,20.6
AL082012,GORDON,26,48.9
AL092012,ISAAC,51,36.0
AL102012,JOYCE,12,18.0
AL112012,KIRK,22,46.3
AL122012,LESLIE,60,36.0
AL132012,MICHAEL,42,51.4
AL142012,NADINE,96,41.2
AL152012,OSCAR,13,23.1
AL162012,PATTY,11,20.6
AL172012,RAFAEL,56,41.2
AL182012,SANDY,45,51.4
AL192012,TONY,20,23.1
AL012013,ANDREA,14,28.3
AL022013,BARRY,23,20.6
AL032013,CHANTAL,13,28.3
AL042013,DORIAN,51,25.7
AL052013,ERIN,20,20.6
AL062013,FERNAND,7,25.7
AL072013,GABRIELLE,36,28.3
AL082013,EIGHT,4,15.4
AL092013,HUMBERTO,46,41.2
AL102013,INGRID,22,38.6
AL112013,JERRY,33,23.1
AL122013,KAREN,14,28.3
AL132013,LORENZO,21,23.1
AL142013,MELISSA,26,28.3
AL152013,UNNAMED,16,28.3
AL012014,ARTHUR,47,43.7
AL022014,TWO,17,15.4
AL032014,BERTHA,47,36.0
AL042014,CRISTOBAL,39,38.6
AL052014,DOLLY,13,23.1
AL062014,EDOUARD,47,54.0
AL072014,FAY,14,36.0
AL082014,GONZALO,39,64.3
AL092014,HANNA,37,18.0
AL012015,ANA,28,25.7
AL022015,BILL,22,25.7
AL032015,CLAUDETTE,15,23.1
AL042015,DANNY,31,56.6
AL052015,ERIKA,16,23.1
AL062015,FRED,31,38.6
AL072015,GRACE,17,25.7
AL082015,HENRI,13,23.1
AL092015,NINE,19,15.4
AL102015,IDA,51,23.1
AL112015,JOAQUIN,76,69.4
AL122015,KATE,20,38.6
AL012016,ALEX,42,38.6
AL022016,BONNIE,56,20.6
AL032016,COLIN,15,25.7
AL042016,DANIELLE,12,20.6
AL052016,EARL,20,38.6
AL062016,FIONA,31,23.1
AL072016,GASTON,53,54.0
AL082016,EIGHT,21,15.4
AL092016,HERMINE,47,36.0
AL102016,IAN,21,28.3
AL112016,JULIA,33,23.1
AL122016,KARL,54,30.9
AL132016,LISA,30,23.1
AL142016,MATTHEW,50,74.6
AL152016,NICOLE,63,61.7
AL162016,OTTO,38,51.4
AL012017,ARLENE,27,28.3
AL022017,BRET,9,23.1
AL032017,CINDY,20,25.7
AL042017,FOUR,9,12.9
AL052017,DON,7,23.1
AL062017,EMILY,11,25.7
AL072017,FRANKLIN,18,38.6
AL082017,GERT,28,48.9
AL092017,HARVEY,74,59.2
AL112017,IRMA,66,79.7
AL122017,JOSE,85,69.4
AL132017,KATIA,18,46.3
AL142017,LEE,63,51.4
AL152017,MARIA,68,77.2
AL162017,NATE,32,41.2
AL172017,OPHELIA,47,51.4
AL182017,PHILIPPE,7,18.0
AL192017,RINA,21,25.7
AL012018,ALBERTO,26,28.3
AL022018,BERYL,52,36.0
AL032018,CHRIS,50,46.3
AL042018,DEBBY,32,23.1
AL052018,ERNESTO,18,20.6
AL062018,FLORENCE,79,66.9
AL072018,GORDON,25,30.9
AL082018,HELENE,42,48.9
AL092018,ISAAC,31,33.4
AL102018,JOYCE,39,23.1
AL112018,ELEVEN,5,15.4
AL122018,KIRK,28,28.3
AL132018,LESLIE,89,41.2
AL142018,MICHAEL,38,72.0
AL152018,NADINE,18,28.3
AL162018,OSCAR,36,48.9
AL012019,ANDREA,7,18.0
AL022019,BARRY,25,33.4
AL032019,THREE,5,15.4
AL042019,CHANTAL,25,18.0
AL052019,DORIAN,70,82.3
AL062019,ERIN,14,18.0
AL072019,FERNAND,9,23.1
AL082019,GABRIELLE,35,28.3
AL092019,HUMBERTO,34,56.6
AL102019,JERRY,45,46.3
AL112019,IMELDA,9,20.6
AL122019,KAREN,25,20.6
AL132019,LORENZO,48,72.0
AL142019,MELISSA,25,28.3
AL152019,FIFTEEN,13,15.4
AL162019,NESTOR,15,25.7
AL172019,OLGA,10,23.1
AL182019,PABLO,22,36.0
AL192019,REBEKAH,23,36.0
AL202019,SEBASTIEN,34,30.9
